시,간, ,:,2,0,2,2,-,1,2,-,1,0, ,2,2,:,0,7,:,4,9,.,8,9,3,3,9,2
순위,웹툰명
1,99강화나무몽둥이-38화. 마왕이 될 자 (3)
2,취사병 전설이 되다-190화 : 강성재의 실수
3,"DARK MOON: 달의 제단-28. 준비-, 시작!"
4,호랑이형님-3부27화 흰산의 영역 밖에서
5,세레나-8화. 나쁜 놈
6,작전명 순정-36화
7,반드시 해피엔딩-85화
8,프리드로우-제468화 촉법소년 (4)
9,스터디그룹-시즌2 65화
10,아홉수 우리들-173. 볕들 날 上
시,간, ,:,2,0,2,2,-,1,2,-,1,0, ,2,2,:,0,8,:,1,1,.,3,6,5,7,4,7
순위,웹툰명
1,99강화나무몽둥이-38화. 마왕이 될 자 (3)
2,취사병 전설이 되다-190화 : 강성재의 실수
3,"DARK MOON: 달의 제단-28. 준비-, 시작!"
4,호랑이형님-3부27화 흰산의 영역 밖에서
5,세레나-8화. 나쁜 놈
6,작전명 순정-36화
7,반드시 해피엔딩-85화
8,프리드로우-제468화 촉법소년 (4)
9,스터디그룹-시즌2 65화
10,아홉수 우리들-173. 볕들 날 上

시,간, ,:, ,2,0,2,2,-,1,2,-,1,0, ,2,2,:,1,6,:,2,9,.,2,7,9,5,5,2
순,위,	,웹,툰,명
1,	,9,9,강,화,나,무,몽,둥,이,-,3,8,화,., ,마,왕,이, ,될, ,자, ,(,3,)
2,	,D,A,R,K, ,M,O,O,N,:, ,달,의, ,제,단,-,2,8,., ,준,비,-,",", ,시,작,!
3,	,취,사,병, ,전,설,이, ,되,다,-,1,9,0,화, ,:, ,강,성,재,의, ,실,수
4,	,호,랑,이,형,님,-,3,부,2,7,화, ,흰,산,의, ,영,역, ,밖,에,서
5,	,작,전,명, ,순,정,-,3,6,화
6,	,세,레,나,-,8,화,., ,나,쁜, ,놈
7,	,반,드,시, ,해,피,엔,딩,-,8,5,화
8,	,프,리,드,로,우,-,제,4,6,8,화, ,촉,법,소,년, ,(,4,)
9,	,스,터,디,그,룹,-,시,즌,2, ,6,5,화
1,0,	,존,잘,주,의,-,6,5,화,., ,강,제,종,료

시간,2022-12-10 22:19:44.805214
순위,웹툰명
1,99강화나무몽둥이-38화. 마왕이 될 자 (3)
2,취사병 전설이 되다-190화 : 강성재의 실수
3,"DARK MOON: 달의 제단-28. 준비-, 시작!"
4,세레나-8화. 나쁜 놈
5,호랑이형님-3부27화 흰산의 영역 밖에서
6,작전명 순정-36화
7,반드시 해피엔딩-85화
8,프리드로우-제468화 촉법소년 (4)
9,스터디그룹-시즌2 65화
10,존잘주의-65화. 강제종료

